labels	texts
3	mayor colorado springs fire destroys digits . mayor colorado springs fire destroys digits homes
3	beatmoto line telefoniche dilate render liber le connessioni buona fate girareeee tag tag link
3	rt tag ust hospital generator already died please send rescuers tag rescuetphph tag .
3	“ . no running water camphill bigwet qldfloods ” great would [UNK]
3	dog tag tag river getting dark headin higher raise everyone stay in yyc yycflood link
3	rt tag colorado floods break pipeline engulfaves wells link cofl coloradofloodood cu oil transmission fl …
3	rt tag fire near bells line rd burnt approx digits digits 88 digits km fire and nswrfs nswfires link
3	sydney real estate strong winds fueling redhead fires prompting return watch for link house sale
3	casemoto videopaggio fanatic ferrara abbattimento del campanile pericolante quotidianoo ne link
3	rta parts calgary look like right crushed images strong 14flood link
3	relief ops need fixed access help at roads conditions link amp view map link rescue pablophphphph
3	rt tag yycflood east park park link
3	rt tag digits th avecc 31 skateboarders yyc yycflood link
3	rt tag dear old heroes earthquake churches clubs bars prayforvisayas earthquakeph
3	bangladesh rana plaza disaster rise political violence speak islam humanrights
3	the tag afspc vandenberg hot shots ground colorado springs helping fight waldocanyonfire speak !
3	rt tag west fractured explosion caused damage tragedy week without clear figure vengeance reported .
3	se mur ’ bah businesses record digits digits flood filed link qld
3	rtf guatemala sismo de digits digits grados richter se sintio en la costas sur temblorgt .
3	flood tag wake colorado ’ devastating floods digits digits gallons crude oil spill major data link
3	colorado office emergency management - nearly digits digits homes damaged destroyed coloradoflood
3	rt tag rt tag rt tag digits digits million sound feet windows broken russian meteoric link
3	venezuela se reaviva el incendio en la refineria . amuay europa press link
3	k tag minister , sghaze task force formed . may close situation persists
3	rtl starting see boats travelling upstream brisbane river bigwet link
3	rt tagan buclayon is one oldest church philippines earthquake cebuearthquake link
3	rt tag plantas de alquil somerizacionacion estaran al men para mes ruedas en aguay por danosos estructurales libido la bajada
3	high cost cheap clothes sad fact via generation collapse bangladesh sahch hundreds link
3	rt tag enorme scossa di terremoto ora modena sanfelice regente platoon masterpiece case crano ok interni case construtti gente strada link
3	rt tag , police say metro north passenger train derailed new york city
3	colorado flood damage image shows one many scenes damage flooding web link
3	nsw fire update to damage lithgow armaghderra balmoral amp central coast emergency warning heathbrae area authority homes lost
3	rt tag au students before flood southern alberta scheduled write exams link
3	rt tag une video four de minutes qui avait peu circule jusqu ici montreceur de la catastrophe lac megantic link
3	rt tag metro north derailment bronx affect new line west line service operations indefinitely …
3	tag fire crews rumble car fuel tanks grassfire spread carpark sydney olympic sports centre tooclose
3	rt tag well owners best colorado county areas link coflood
3	rt tag floods paralyse rna youtube link tag tag umaasa happy ang lahat ay mahusay
3	russia starts clean meteor strike cnn global link
3	pray site damges estimated digits million digits bridges damaged system miles embassy damaged flush order evans coflood
3	new brighton train crash - focuses engineer actions
3	key facts : explosion west texas link
3	tag btw referenced the bridge collapse , flood city could inspect might starting point digits research
3	rt tageostro ramirez pra incend de hacer tanque en refineria amuay el incendioio romenzo las digits digits pm
3	: afp explosion 1997 refineria en azuay es la mas grave en el mundo en los ultimos thirty anos link
3	rt tag calgary office remains closed due recent flooding occurred alberta updates visit link
3	wtf harrisst pub glasgow clutha suhin clyde side
3	tag fire breaks collapsed factory bangladesh savar bangladesh apraa held late sunday tag
3	rt tagline carrying petrochemicals strike town lac megantic canada destroying dozens buildings link
3	bull tag bohol never without churches prayforvisayas daph didyouknow link
3	texas fertilizer plant explosion registers earthquake many buildings link via .
3	devastation feared big central pacific typhoon ’ wake link
3	restart date : ; refinery hit blast link
3	drumbeat july digits : quebec disaster spurs rail versus pipelines ; oil train disaster killed link
3	rt tagway cars destroyed large fire near olympic park link
3	woman pulled alive rubble bangladesh building collapse digits days behind on kctoday
3	rt tag dannix terremoto link
3	tag calgary office remains closed today staff continue on hard homes pycflood
3	rt tag digits digits homes colorado springs threatened wildfire according tfd
3	alberta train explosion forces evacuations canada entire town lac megantic quebec canada ofc link
3	[UNK] rtfp big surf destroyed noosa beach bigwet link
3	bulldozers begin demolishing structures damaged west explosion link
3	vi per na boat kiss em santa maria va remover escombros periciaicia vaii procurar partee de ignicao que ceu link
3	rt tag social media chaos bostonmarathon cast video & photos exercise ethics journalists looks gruesome
3	colorado fire elements digits digits acres weather stays hot windy firefighters colorado faced another challenge ni link
3	visible tag ironworking power crews work repair lines downed funslide boulderflood link
3	rt tag air sc extent zoo that link yyc yycflood
3	“ tag rtd runway tacloban city airport the entire terminal destroyed yolandaph ”
3	rt tag langevin 5 2 digits pm abfl yyfloodood yycc link
3	rt tag boulder closed hwy digits nb co messages co digits rexmont cotraffic .
3	rt tag whoops wrong link highparkfire threatens the buddhist temple beat america link
3	news helicopter crashes bar glasgow , photos .
3	ang daming simbahan bolsada mga gusali ang nayira dahil film malakas na lindol bohol cebu
3	rt tag bet tag power outage sw robotcliffe resolved digits digits pm energex bigwet
3	rt tag en el brete se cayer de torres tod los caballosos salieronon corriendo zemblorcr link
3	rt . urgente sismo . magnitud digits digits sacude guatemala link
3	rt tag amp marks amp spencer benetton amp zara commitre building safety agreement bangladesh link
3	[UNK] neon “ tag tag tag flood reach digits at floor nursery pls rt ” rescueph ”
3	rt tagaldo airport chief . assault rifle shot way past screeners towards isolated terminal digits
3	rt tag digits digits gallons empty spills platte river anadarko river reservoir coflood link
3	the los angeles airport reports shooting least one terminal los angeles internation link
3	rt tag floodph mtwc flooded street katipunan street passable directs vehicles per ctmdo on alternative rout …
3	sh tag rt tag big thompson river milliken bridge excess debris keeps piling coflood tag link
3	rt tag bird - view astonishing damage devastation impact lacmegantic train derailment subsequent explosions link
3	rt tagas damaged a collapsed church tower nicoya costa rica near quake epicentre .
3	rta west fertilizer plant next door two : thank you happen earlier day
3	rts breaking firefighter tells local media digits digits homes lost waldowo fire burning colorado
3	building collapsing building satellite caught camera link video news
3	rt tag terremoto pima danni alle idiende il rischio di delocalizzazione link
3	rt tag fires emergency jam closure see latest updates alertss national parks across nsw .
3	rt # billion digits unbelievable photo line yyc flood waters receded unbelievable photo yycflood link
3	pacific coast was heavily congested bigwet longweekend bnetraffic
3	photos major police effort helicopter crashes pub scottish city @ link
3	rt tag chocolate hills napinsala ng magnitudemus digits na lindol prayforvisayas pray - buhol alsori link
3	rtbp4 . two trucks one car submerged road collapse hwy digits dillon cowx boulderflood link
3	rt tag generators gas needed weh tidyerm ust please , help rt relief rescuephph
3	crime tag police scots trust confirming police scotland helicopter sp digits involved incident glasgow clutha
3	rt tagam cctv video meteorite blast wave blows doors in russia linkurmeteor пееоритт
3	magnitude digits digits earthquake hits offshore from usgs .
3	el se imbecil rt and descartad faltaba mantenimientoo como causa de incendio en amuay
3	digits tag digits casas explomadas . men digits muertosos en guatemala frontera con mexico por sismo de digits digits grados
3	rt tag sunrisee erosion pavement rt tag digits th ave erlton mission yycflood link
3	rt tageses railway connu son lotant aux etats unis lacmegantic link
3	rt tag pabloph davao city fording of flooding landslides rt tag preparing
3	rt tag de nouvelles photos des tiempiers au montrent ampleur de la catastrophe , semegantic link via …
3	rt tag tag urgent sardegna aprite efii nell bill colpit togliete ! ? perch le lineeeeee sono intasate allertame …
3	watch house floats river alberta flood link
3	rt tag foto asi de la refineria de amuay luego en delagarse el incendio este martes link
3	rt tag near high river incredible devastation rising waters ableg abflood
3	rt tag utter destruction east coast , philippines near cateel boston bagangaraph tag .
3	rt tag quebec un incendie majeur prolateel centre ville de lac megantic la suite du deraillement un femme lapresse .
3	fan tag please rt ust hospital generator already died please send rescuers tag rescue reliefphph
3	rt tag boulder officials reopen trails via sanitas boulderflood link via tag
3	riverbend hairy ridgedale headed observer report abflood tag tweet yyc
3	tag rescue already grounded villamor pls contact meralco urgent tag rescueph
3	rtl nuit horreur lac megantic sud du quebec un train explose au centre - est en flamme link
3	landsat maps show devastation caused colorado floods link gis imagery tag .
3	( tag least digits highest digits streets colorado roads colorado destroyed waldo canyon wildfire link
3	the tag digits fires burning throughout nsw digits remain control
3	pepper tag qld floods cable washout kingaroy a significant number landline broadband mobile services
3	rt tag rt tag vean como quedo el edificio de ingenieria cosmica de la ucr temblor link temblocrcr
3	rt tag cushing bridge connecting to th ave blackfoot trail canceled due to conditions yycflood
3	colorado also imperils oil gas sites causes spill link via tag
3	rt tagatadome floodedrong digits dressing rooms destroyed yyc yycflood new rink
3	rtq sea testigo de la impactante extruccion en los alrededores de amuay tras explosion fotos link htv
3	sad digits digits strong digits contained digits celebrities digits homes destroyed digits dead wild highparkfirefire link
3	maps help us learn about flooding colorado check story maps flooding link
3	rt tag rt tag oblation statue univ at tacloban stands resilient among the yolandaph link
3	rt tag “ romeo fire minmi edgeworth tag nswfires .
3	rt tagore minister vivian balakrishnan sghaze taskforce convened schools . close situation persists sch …
3	russian region rapid cleanup of blast wall street journal wall street journalrussian region begins .
3	tag developing passenger fire derailed new york carriage water coaster fucking terminus gta
3	usuarios registran la caida de line telefonicasas revuelta de luz la acrumbe de una brilliant por el sismo en el link
3	the tag logan experiencing worst floods since digits expected gonzalez digits pm bigwet qldfloods
3	rt tag asi gandaron las casa cercanas la refineria de azuay desgarradora fotosss link
3	rt tag . lost house nsw fire knew 3 digits years fuel built green councils burn …
3	rt tagatas hanggang michod na yung bahay manila city : markets normal kalaw un ave remedios passable …
3	rt tag nearly digits homes , colorado springs officials say .
3	rt ma um rt tag lacmegantic quebec mayor says city had completely destroyed blast air link
3	rt tag update video texas fertilizer plant exploded inspected site digits link
3	neighborhood nr digits th st north boulder completely flooded th st digits boulderflood
3	rt tag saddledome filled in rows and got pic wowyycflood link
3	marcellus effect , how break pipeline engulf gas wells link
3	que dicha rt tag teatro centralestra costa rica reporta danos en la structura debido al temblorcr
3	brush tag lithgow bell bellslineofroad open directions closed in nswfires earlier
3	mayor colorado fire destroys estimated digits homes destructive statework link wildfire
3	photo with tagalo marcos bridge pabloph typhoonbopha pablosaha link
3	rt tagak high river asks province takeha rebuilding efforts abflood
3	rt tagg saddledome echo half filled water yyc abflood
3	earthquake digits digits tuesday 27 oct destroyed lot historical churches bohol philipines digits photos of rt
3	roof ripped fortitude curve station bigwet .
3	friday morning gt role faces biggest fire test yet blue mountains schools closed firefighters link
3	digits shocking ( : colorado springs wildfire link
3	rt tag holy cross mtt “ in deflagration intermegantic photo prise de helicoptere link
3	rtvcan sardegna elenco ufficialee dei digits comuni compiti dall alluvione ;
3	double digits st ave macleod flood receding yyflood yycc calgary link
3	bush fire , blue mountains west sydney averted disaster today according officials croozefmnews
3	queensland coal sector . heavy feldfloods bhp hit link ausbiz
3	rt tag helicopter crashes pub across river . earlier mp jim murphy tells bbc news link
3	major floods costly often uninsured pacific floods may cost nearly digits billion link
3	rt tag comune diporto il nremi non funziona aiuti chiamare digits ferrara terremoto
3	rt tag socialism rica escapes serious damage huge quake link
3	difficult tag digits flights canceled digits digits roads stranded airplanes due bad weather typhoon pabloph solardaybreakh
3	rt tag per tag digits customers boulder county still without a boulderflood
3	rt tag helicopter apparently crashed bar glasgow clutha updates via tag others
3	sydney morning gt fierce cbd blaze causing traffic chaos fire city high rise building closed ba link
3	rt tag ceb reschedules its flights typhoon bopha .
3	rt tag rt tag foto de los digits tanques de la refineria de amuay en llamass link
3	rt tag flights are grounded moment fyi reason attempt go anywhere near .
3	rt tag photo famous dauis church panglao ro destroyed tag photo urra co prayforboholhol link
3	rt tag calgary rt tag bayfront avenue link yycflood
3	rt tag metro north derailment william metabolism engineer suspended link tag newyork trainaccident person …
3	rt tag line oil gas industry prepared floods digits gallons annually spill major river link
3	rt tag photo taken inside saddledome . yycflood link
3	rt tag historical lobocq bohol ampodmiforvisayas god bless philippines link
3	siguemeytesigo ; governor lifts statewide fire ban much stronger rain forecasts predi link teamfollowback
3	rt tag principales medios de costa rica inhabilitados amazonas muerte terremoto link
3	rt tag uerm really needs help flood almost digits rd floor flood rescuers whole day snapph
3	universit di bologna sede di forli catalan giornata odiernaaa tutte il mondi universitarie di ateneo rimarranno chiuse per emergenza terremoto
3	district digits could lose millions funding floods for students . link
3	good news okotoks sheep river appears in waters receding of iceflood
3	tag well the holiday weekend refinery blew venezuela
3	rti calgary heard saddledome closed last play show come back soon hold …
3	climate tag aerial images colorado flood destruction link coflood
3	rt tag enimagenes asi se encuentra la refineria de amuay su irrededores de domingoss .
3	rt tag rt tag entire rowleyville area evacuated on clarendon street wbz bostonmarathon
3	name tag please rt ust hospital have already died please send rescuers rescueph
3	digits schools missing qld due flood
3	rt tag rt tag refineria de azuay manifesta en capacidad de justiciar operaciones en dos dias avn link
3	debesores canta senora digits casa electada digits local comercialeses marian familia fueron trasladadassss su de naval de pto fijo amuay
3	fly yxe yyc curious see horrible ghost looks air us crossed .
3	rt tag watch ampet linksview rd springwood four local schools closed tomorrow link nswfires nswrfs
3	tag minister vivian sghaze task force formed schools may 57 situation persist thatss like
3	lam maring typhoonmaring taytay house santos link
3	fire still burning venezuela biggest refinery link
3	rt tag la moitie de la france lacmegantic detruite e les flammes via operator link
3	rtms outgoing flights moved via smf delayed indefinitely due laxshooting call airline details
3	12 tag story bridge closed directions digits digits pm bigwet
3	colorado dig biblical flooding colorado digss partial flooding
3	powerful earthquake shakes costa rica rica serious damage big quake activates central america buildings sway link
3	church of of god busy protecting homes even forgot protect prayforvisayas
3	tag advisory museum fhl remain closed back via tag walangpasok floodph
3	temblorcr fall en platinaa del puente rafael iglesias las ploeas se frotan 1923 manos pinataconavi
3	digits alberta transportation official road reports dieselflood link
3	crash adds some north woes link
3	report ruptured pipeline gas leaks oil spills colorado rapids al jazeera america link
3	rt tagh cease platform calgary days link abfl yyfloodood yycc
3	rt tag bigwet forget check latest road closure info qld traffic amp travel @ call monitor http
3	rtt fuck happening , explosion world getting crazi crazierer day man !
3	rt tag streets buckling like taffy viewer pic lee ( dr lefthand canyon dr cofl boulderfloodood link
3	rt tag environment expert vivian balakrishnan sghaze taskforce as schools may close situation persists sch …
3	eco reviews - drinking water colorado floods eco studies federico link drinkingwaterwaterwater
3	rt hats rt tag looking trousersness park flooding link bingycflood
3	rtv la casa de mi hermana en montezuma , guanacaste con el soso levantado temblorcr
3	fire blast website martin savidge . latest details fertilizer plant explosion rocked link
3	rt2 live feed bower digits th street bridge direct link yycfl abfloodood via tag
3	two crashes , glasgow pub albany times union link
3	rt tag photo flood manila national university saint thomas field digits digits digits link
3	canada train store site war zone digits july digits last updated digits digits phases lacmegan maineatlantictic mrharper
3	hundreds homes destroyed strawberry springs fire link via tag need .
3	rt tag modelling system closed digits mileage raglan bigwet qldtraffic
3	rtbo graves danos in guatemala producto del fuerte sismo link via tag tag tag
3	rt tag rt “ games more meteorite meteor hits russia lighting sky shattering windows link
3	rt tag advisory roads leading to terminals passable per miaa floodph
3	rt tag airport san bay haiyan slammed coastal city tacloban philippines link
3	rt photo floods sampaloc manila water beginning smell funky peak via rivera tag langoy oh
3	factory collapse bangladesh pope francis calls one foundations capitalism “ slavery ” link
3	coincidence link … … … vector due to pablo avenue digits billion ndrrmc
3	rt tag delos santos hospitals , may ] moment need help rescueph
3	losing tourism hoping for effects fires boulder chautauqua cottages lodges nestled link
3	rt tagaje sismo de maynitud digits digits sacude guatemala link
3	tag tag wash extraordinary expenses evacuation amp flood double fifty digits budget abflood
3	rt tag breaking water row digits saddledome dressing rooms completely submerged yycflood nhl .
3	rt tag rt tag ultimo cultuto detectan nuevo incendio uno en los tanques delectados de la explosion de amuay mas
3	rtk mcleod trail rtg yycflood link
3	sell tag good news waterbreeding train rides lot dropped yycflood link
3	rt tag viaj escenario incendio . refineria amuay distancia aprox los tanques de siferass .
3	rt tag terminatingflood rt tag bridge collapse digits rd stretain creek
3	la toineria venezolana de amuay una de las cuatro mas grande del golf continuaba envueltaa en llamass en atenes
3	earthquake philippines . engineering design right linkirph
3	rt tag fire still in venezuela biggest tv link
3	il tagliomoto crollata parte del duomo . carpi morto il parroco link
3	rt tag danni sendenti tutta e sardegna agli impianti di trattament dei acquami adessoo si rischia emergenza ambientale
3	rt tag tag wash dignity plan to improve wash encoded communities m3yan planresponds link
3	tag advisory report supports naia terminals passable per miaa floodph
3	las fotos mas impactantes de la explosion de la refineria amuay link the tag
3	rt tag video fire destroys buildings around town lachantic derailed train explodes link amp link
3	rt tag tag tagbolat hospital generators already died please send a rescueph montevideolongtayotomasino .
3	records records breaking boston marathon hq locked report explosion spokesman says link ultramarathon
3	tag en tag reporta mi marcia que hay electricidad enestemomento capacitymotocr
3	rt taggart lost springwood blue mountains latest details fires taggfires
3	fires nsw australia terrible hundred house destroyed 3 digits minutes away
3	light colorado floods new year report reveals importance wetlands streams .
3	“ levels pg hospital staff patients need food water pghh isolated ms reliefph via br tag
3	rt tag pgh uerm ust hospital two supplies running low patients may need food water rescueph
3	mtnha cochrane ems working regional emrgncy agencies bridge closures boil water advisory service abflood
3	digits choppers scene today tag drawing resources tag access opening along with digits coflood
3	tag power restored thank youiwet
3	met woman today escaped town boulder fires house double destroyed humbled peacetime
3	rtl police helicopter falls onto crowded pub glasgow scotland link
3	rt tag spectacular fire guardian shatters windows and injuries russia ural mountains officials say tag
3	rt tag newcastle airport closed due smoke bushfire blacktown , nsw newcastleairport .
3	talabas tag pese la explosion en amuay ramirez asegura que la refineria rhythmic en plena capacidad operativaa link
3	rt tag explosion en spanuay foto por tag .
3	the street bundaberg bigwet link
3	cool poultry houses thankyou pablo sarcasm badnews pabloph
3	baha bahanga manila never ending rains hounds us digits days heavy flood : inside house
3	floods in colorado gore tex vortex
3	churches must collapsed save us harm sto nino thank keeping us safe pray pray continue pray prayforvisayas
3	el sismo de los digits grados que ocurri en el ha perducido danos materiales dels desplomadas algun los medios caracas maracaiboo peru
3	tornadoes sway residents rush streets strong costa rican quake little damage link
3	rt tag rt floodsherm hospital almost digits rd floor . rescuers whole day sarph
3	rt tag xavier university ateneo de cagayan walangpasok tues dec digits declared against bobby yap pabloph cdo no .
3	explosion rips texas ferti plant explosion texas fertilizerlizer plants wednesday night west link
3	newman says bundaberg hit tornado buildings damaged power lines accurate point bigwet
3	ash cloud covers sharp fires rage five major bush fires threatened hundreds homes new south wales
3	the the dallas morning news reports part town west tex leveled fertilizer plant explosion link
3	canadian citizens with to italy contact embassy digits digits digits digits operation tag terremoto
3	mt tag rtd all routes tomorrow except kol amp dash detoured around boulder riverflood
3	rta contex highway central luzon gives way link via = maringph
3	rt tag lax update lapd asked drivers avoid area century closed shower sepulveda ampa moving link
3	2016 , flooding sydney morning herald link qld
3	rt tag miedo falta 2011 agua esdero todas devastador sismo en guatemala link
3	rt tag compartimos esta imagen en los supermercados se oyo un producto . las estanterias por el mismo tiemblaenguate ht
3	russian region begins receiving meteor damage link
3	los los encinos de san carlos informan sobre querumbes entre san carlos zarcero temblorcr
3	rt tag colorado wildfires wreck homes officials hope break enhancing link
3	rt tag telefono para todes sob el accidente de tren de santiago de compostela digits telesitan sangrere rt rt rt por …
3	rt tag sardegna alpit animal campagne emergenza cibogia gregg relatiiii protezionecivile allertameteosar ht …
3	high park fire digits colorado blaze burns record number homes with additional crews arriving satur link
3	end era mundubbera gulf club members fear triple double digits floods australian link
3	fertilizer plant texas blew up town
3	rt tag never underestimate power mother nature transcanada highway canmore longer exists abflood !
3	bat tag aerial photos show incredible destruction west tx realexplosion link link
3	rt tag breaking metro north passenger train derailed new york train link
3	tag plz rt public schools cbe amp catholic church monday typedycflycflood tag
3	rt tag officials to trans canada highway bridge close festivities dividing medicine hat abfl mhfloodood tag
3	pdvsa estima normalizar sitciones en heineria amuay en dos tres gorges link
3	llamas ganas y en la refineria fuerzapuntofijo amuay link
3	rt tag med locales reportan danos en edificiosios comercio algun obrassar trasasas terremoto de digitstera ka costarica link
3	train name naman gt “ tag police say metro north passenger train derailed new york city cars york ninja tag
3	lyons boulderfloods shelly cabins digits west fort link
3	rt tag terremoto in campanili crollati il video link
3	five southern states emer county leth city amp county cypress county rocky deer crowsnest pass abfl yyfloodood yycc ablegg abpoli
3	rt tag police metrorail passenger train derailed new york city cars water supply .
3	rt tag bush relatively smoke descending sydney miranda voters remember mccarrell closed fire stations cut fire …
3	internet outage past digits hours of considering qld ticket by bigwet
3	rt tag medicine travel plans close trans canada bridge digits mt digits et orflood yyc
3	terremoto prima link dopo link presso la azienda angatti - medolla
3	fires burn - so two tanks still fire amuay refinery northern venezuela link
3	photo der commuter train carriage new york journal instagram user mvergari gallery derailedailed niagara link
3	digits homes feared destroyed colorado beam lost link abc + digits homes feared destroyed link
3	rt tag digits flights cancelled digits delayed by los angeles airport tag link
3	“ - amtrak empire service disrupted btw of albany due deadly passenger train derailment link
3	eqecat pipes floods digits economic losses climbing link
3	miren como marido una piso en algunas partes de costa rica luego del terremoto active digits digits link
3	the airport reopens shooting link
3	powerful quake rattles costa rica little damage experts point the building code
3	emergency helicopter crashes glasgow bar roof scotsman link harris involved okhmuthaaccident
3	rt tag . los angeles airport link hobheupdate
3	1618 tagus fire service nsw rfs confirm crash aircraft short time ago west ulladulla details .
3	rt tag rt tag ultimo minuto diran nuevo incendio uno de los tanques afectados por el explosion de amuay .
3	foto terremoto en pablo rica dejo varios danos en caminoss carreteras .
3	stephen king elias one nothingsle feellikerickgrimes yycflood withwalkingdead link
3	earthquake martha loboc church bohol digits digits magnitude earthquake today earthquake prayforvisayas .
3	run tag historic churches crumble ground prayforboholentforcebu !
3	incredible rt tag wow : , impact inside office link …
3	rt tag federal officials order changes rail service fatal derailment sunday nyc link
3	climatex digits oct digits roma digits pm tawasco calanggaman bohol station recorded digits n mm moderate rai link
3	believe golf open canadian golf academy driving link lafarge golf yycflood link
3	rt tag miraflores children estimate agricultural losses aklan may digits : solarnews symbollandaph
3	damage assessment teams atparkfire assembled determine structures burned damaged .
3	wow dollars - “ . photo damage inside saddledome link yycflood link
3	rt tag imagenes de este domingo incendio sigue nativo en la refineria amuay link
3	hearing structures flying ranch fire according tag waldocanyon sad stuff happening around .
3	philippines government considers high cost rebuilding website haiyan watch link
3	water still rising east village stairs and lifts entrance yycflood .
3	rt tag aerial transport devastation caused typhoon haiyan link photos
3	desde meses estaba esa fuga de gas en la refineria de azuay
3	digits digits 9 digits digits езрывмдыбилоо пороа мееориттт meteorite blast wave hit warehouse .
3	rt tag singapore haze upgrade prevent singapore mena haze link
3	rt tagowet bruce way tully silky oak .
3	tag alejadroramirez tag tag incendio refineria de amuay toma laurea . link
3	press @ amp pbulletin queensland rtgs affected yet floods material provided link
3	rt tag yat hospital volunteer already died please send rescuers tag rescue reliefphph rescue tag
3	tag fisher amp camberwell streets east brisbane thawet .
3	rt tag photo brisbane river almost trust puddle bulimba big tide qldflooding bigwet link
3	rt tag photos nyc metro north train derailment rail link
3	esta tarde se cindi altro un tercer tanque a combustible tomoo fuego en refineria de azuay
3	loana reportancia en san nicolas al occidente de guatemala hay viviendas desplomadas 18 sismo
3	helicopter crashes pub helicopter crashed in late friday by city glasgow lo link
3	fire tag hawkesbury showground become an animal sanctuary due bushfire threat link nswfires
3	rt tag petition bangladesh state collapse tag tag tag ensure that amp compensate tag tag …
3	pit tag warrego real addies reporting highway east dalby road fall apart bigwet qldfloods
3	rt tag baclayon church one oldest catholic in philippines built digits earthquake kalaforvisayas .
3	rtl update massively destroyed multiple homes . county link cowx boulderflood
3	rt tagharamoto procuratore modena imagini su tutti edifici lucruiti dopo il con strutture nuove non dovevano cade
3	deputy principal kenmore south state school confirmed shut today due to aaron bigwet
3	rt tag trampoline stuck top power pole . bargara bigwet ;
3	rt tag digits year old loboc churchbe badly worn digits digits the heartbreaking prayforboholhol !
3	rt tag major explosion stopped next to general store boylston street near boston marathon finish line
3	rt tagline news texas in entire town west texas evacuation follows fumes spreading ems command post
3	pg tag rtg aggiornamento epicentro ogni edificio storico crollato danneggiato grave cimoto gente ok !
3	rt tag town samar area haiyan struck .
3	rt tag see also rt tag 3 macleod trail 49 courtesy of berg yyc yycflood link
3	rtv apocalypse meteorite shower hits russia lighting sky shattering windows link tag
3	rt tag whoa rt tag amazing favourite friend katoomba road floorheath nswfires link
3	denver int airport tag dias normal passengers den lax check flight status airlines
3	rt tag serious flooding threatens colorado digits digits 15 oil gas wells .
3	rt tag man opened fire assault rifle explosive screening area . terminal digits los angeles police say link
3	lo tercer porque con gasoil prendido fuego en la refineria de azuay en venezuela link
3	via tag shocking video link quebec oil train explosion link via tag idlenomore tarsands link
3	colorado floods deluged boulder restaurants struggle to service bright skies dry streets link
3	rt tag ultimo minuto estan nuevo incendio en uno de los tanques afectados por la explosion de afuay mas detalles en
3	rt tag costa rica electricidad comunicaciones cortados en san jose por terremoto munitud digits digits
3	rt tag rt sardegna rischio potabilita acqua gestore idric ? depura digits potabilizzatoritori pittori usoo m .
3	david tag oil spills colorado flooding high water delays cleanup energyindepth nothing move along link
3	says link hundreds have destroyed raging springs fire link
3	colorado flooding puts oil underground on underwater link
3	rt tag imagen de amua tomada hoyy desde la urbanizacion rafael ortiz puntofijo las 15 digits pm !
3	latest news storm relief flooding destruction sardinia new york times link
3	malmoto finale emilia diversi carniment strutture ambulanzee
3	comenzara reconstruccion de vivienda trascismo en guatemala el gobierno guatemaltec evaluoo hoy las covess misiones mas reconstru
3	rt *v presidente de venezuela hugo chavez informa que han extinguido el fuego en uno de los digits tanques en la refineria de amuay
3	rt tag breaking police say metro express line train derailed new york line cars water
3	rt tag train involved derailment digits digits train poughkeepsie new york central grand central line rt tag
3	the tag wildfire in west fort collins colorado destroyed digits homes link
3	rt tag el patrimonio ( gravemente dana por el terremoto que te sacudidodo el norte de italia .
3	via tag fotoplan danos material en guatemala despueses del sismo link via tag
3	rt tag flooding red rocks amphitheatre digits rows use photo via link cowx coflood link
3	rt tagwurm rebuilt north meadows abflood link
3	new taggart valley bay fire hits residential areas sydney nswfiresfires via paige irrigation link
3	tag nothing like has seen amp take enormous marshalling resources abflood
3	rt tag video map digits here st underpass boulder tonight link boulderflood
3	rt tag gun shooting lax airport completely without traffic backup countless miles glued news
3	skycrane working smoke faulconbridge image john brogan link
3	rtc significant flooding justice center boulderflood rtx
3	station tag pictures took around downtown calgary today link yyc yycflood , coming shortly
3	rt tag scenes st vraint eiken cowxenflood link
3	rt tv looked like roof blown eyewitnesses describe glasgow pub helicopter crash in clutha
3	tag helicopter crashed pub in glasgow
3	rt tag floodgate buendia taft ave tag maringph floodph link
3	rt tag explosion de digits er tanque en amuay fue se la madrugada y este lunes segun denunciaron trabajadores .
3	march tag sardegna uffici postal operativii typo basalluvione poten di energia elettrica la vacanzaza delle linea al link
3	rtm breaking glass video russianmeteor explosion car sirens breaking glass link tag
3	rt tag tag rt telefono my atencion familiareses afectados por el descarrilamiento de digits tren en santiago de compostela …
3	rt tag digits litres oil leaked pipeline northern alberta railway anterior it says clean hampered flood calgary
3	spreading fire digits houses fire relay link via tag
3	warwick crews begun restoring power properties warwick customers connected safetawet
3	key tag italy earthquake modern buildings ancient ones pose biggest threat link
3	muchos comercios cerrados en santa cruz guanacaste por terremotocr
3	rt tag triage injured reagan st west tx due plt explosion multiple homes fire including school .
3	rt tag developing scanner another chemical tank fire fertilizer explosion fire dispatch … advising :
3	2014 tag rtl bow crescent flooding huron silver springs hill yycflood bowness calgary link
3	pabloph rt tag globe telecom experienced service interruption . fiber optic cuts areas davao region cdo bukidnon
3	eliot tag lomasrt continua proceso de combustion en refineria de amuay .
3	rt tag google map separately yyc evacuated area ibrahim much downtown yycflood evacuated community yycre link
3	rt tag etu members stanwell power station pale lights difficult to link weldpol bigwet
3	- tag ministro contra comunicaciones tagicoordina trabajos de limpieza demolicion en sanmarcos en link
3	rt tag historical uboc church bohol ampuan prayforvisayas god bless philippines .
3	nsw fires – new building codes working with estate link fifth estate link
3	wivenhoe dam qld important ampas piece of infrastructure tag tag bigwet link
3	rtccani ingentii tutta la sardegna agli impianti di trattament dei acquami adessoo si rischia emergenza ambientale
3	amtrak service boston washington dc metro north derailment service atlanta nyc albany
3	colorado system unleashed oil gas disaster um forbes link must secure wells flood .
3	rt tag photo realiste de lac megantic culture canada line tag train fantome ravage digits km digits du centre ville via tag link
3	headlines helicopter crashes glasgow pub helicopter accident pub banks river cly link pub .
3	homes threatened by fires link
3	news russia . clean meteor strike link
3	rtki helicopter crashes roof pub glasgow link
3	in tag new york speed going digits mph derailed link
3	rt tag scanner with digits going up underwater west diamond shamrock cowx boulderflood
3	rt tag meanwhile australia fire digits digits homes burnt ground yeah , delayed …
3	manila with clean deadly floods link
3	mega tag horrific succession explosion texas reveal mass destruction blast gt link pray
3	qld floods electricity hot water amp got internet service amp internet back studio first familiar check tag twitter
3	# tag usgs digits digits magnitude force strikes guatemala link
3	tan tag usuarios registran la caida de line telefonicasas faltad luz el corumbe de la casa : el sismo en guatemala link
3	rt tag barry farrell says digits homes lost nswfires avoid racing home city
3	new tagda latest services flood affected qld link bigwet
3	capital area demolished typhoon pablo need build new and sturdy link
3	find stop next bangladesh factory collapse that amp tag make happen ;
3	lismore airport opened with a still diverted ballina bigwet
3	arde amuay las digits / tria tag link esto gt tag tag
3	intramuros baha miss manila link
3	absurd empres de bombeiro executou obra plan de seguranca da rosee kiss link … iss diloooo fizeram vistoriaa extensive data
3	rts downtown leaders evacuated buildings with compromised flooding yycfl abfloodood
3	may catholic raino sayang ung mga churches naivira prayforbohol
3	rt tagooning see churches collapsed hope everyone okay keep safe still comedy prayforvisayas
3	rt tag ramirez estamos con una etapa de arranqueseguro amuaychy de servicio estan pitas
3	shooting heard los angeles airport los angeles international airport locked amid report link
3	rt tag highpark destructive cofirefire history taking digits homes digits acres with digits damage link
3	lifting brewery banks flooding st vrain river to help malt via taggerbiz link
3	rt tag parking structure digits reopened lax parking tower airport open center say link .
3	muy muerte temblorcralle guadalupe con caidas de objetos tag tag
3	1972 texas fertilizer plant explosion katy perry leann rimes celebs react link
3	65 e ciclone cleopatra devasta la lodegna accumuli pluviometrici issuingo digits narrator sole digits ore ostitativo che cade un an …
3	earthquake costa rica sustained tens hundreds cm worth damage sad
3	rti reporte desde amuay ni una pared en pie a las casa de oficiales de la gnb arrasadass por the explosion link
3	rt tag glass works russian works labors replace digits acres windows smashed astonishing meteor fall fix jm
3	rt . loboc church tchol digits digits magnitude ipa today earthquake prayforvisayas cto .
3	laxshooting terminal lax open terminals roadways open terminal stop ticket counters open except rest terminal
3	rt tag shooting lax airport nearly digits flights airport director says .
3	rt tag that goes row digits scotiabank saddledome yyflood yycc !
3	rt side perche sit istituzionalii sono cosi ritardo de maltempo sardegna guardate link incertamet …
3	rt tag breaking water row at saddledome dressing rooms completely cleared yycflood nhl ”
3	yesterday firefighting aircraft crash - fatal accident involving digits arcomader since digits link nswfires
3	homes destroyed by floods link news
3	rt tag digits digits digits digits sardegna tratto chiuso pergamento ss digits tra monti atti diabia ss digits direzione , allertamete .
3	religious tag loboc church bohol digits digits magnitude earthquake today earthquake prayforvisayas link
3	digits homes may be colorado wildfire link aspen
3	the tag ust hospital generators already died help needed rescueph
3	rt tag photo explosion quebec train derailment rt tag link
3	digits shocking photos colorado river floods link
3	rt tag aggiornamento bonomoto interrotta circolazione rai linee alta verona milano padova bologna milano line
3	rtis fotos imagenes de destrozos tras decor terremoto que afecto costarica link
3	rt tag edificios como el deja lazaro fueron evacu tras el sismo de digits - gradosados link link
3	rt tag mhfl info flash quickly running underneath tc bridge larkhat abfloodood link
3	rt tag digits state highway bridges i digits damaged tag amy alert partial assessment coflood breakingnews
3	the explosion fertilizer plant near waco link
3	aya informa de danos entroques de filadelfia palmira link rtb temblorapmotocrcr
3	fliers delayed following - days prolonged pulldown nation third largest airport particular link
3	always feel sad rti aerial photo flooding prince island park yycflood link
3	rtrs rt tag stopped a damaged clock tower finale emilia italy earthquake link
3	rt tag photos : fertilizer plant explosion .
3	colorado flooding stop postal service link
3	helicopter crashes in glasgow via tag link
3	rtxl tercer porque ardiendo en amuay ¿ hasta cuando link
3	rta photos scene metro north train derailment digits eight digits injured link
3	rtr losing home last night flood know little ahead thousands people manila
3	rt tag lacmegantic nous procederons sous peu la plus recreated structures sur le site des coups de siffle procederontt somme .
3	tag since grietas en estructura de biblioteca tinoco de la primer temblorcr cc tag
3	finale paolla una torre del trecent san felice semidistrutta la chiesa il dioo del carlino modena link
3	rt tag images fire smoke streets littered debris oil runway explosion a link
3	rt tag major fire train carrying oil maybe tar sands derails in near canada us border link .
3	police helicopter crashed glasgow pub . first minister tag confirms link clutha
3	rt tag colorado wildfire high park fire larimer county digits freshman hunted burned link
3	service tag north bundaberg evacuated burnett bridge broke banks bigwet
3	via tag haunting photo bangladesh factory collapse link via tag
3	lax airport evacuated reports shooting link
3	a new laconotic explosion video emerges yahoo news canada link via tag
3	or la tav ha niktivo di tuser bloccataa prima delle monumentali opere pubbliche vengono gli aiuti chi non ha piu casa causa remoto
3	temblor en el segun piso de la eccidiar , edificio viejo que se creve demasiadodo es otra cosa temblorcr
3	rt tag rt rep tag tirona hiwaya software bacoor passable vehicles , light vehicles maringph
3	rt tag nycbus derailment affect travel metro north brookhaven link
3	digits taglines digits digits digits sardegna line cagliari oristan traffic ferroviario sospesooo traa attendanta sangavino opertamet …
3	new york bus commuters face delays deadly rail derailment reporting scoop miscellaneous topics link
3	rt tag lax update ground stop effect traffic arriving los angeles int airport faa rt tag
3	rt tag tag please rt ... needs ! rescueph digits monte carlo st ciudad grande valenzuela city network daland
3	rt tag coflood cdot opened digits highways yesterday and today , flood repairs thanks maintenance crews amp contractors
3	flew home in viaduct nsw bigwet nswfloods amazing much water still covering grafton
3	rt tag boulderfl digits digits structures currently database boulderfloodood
3	msnさんからrt here updated story los angeles airport . [UNK] digits digits digits 分 分 [UNK] タニュースてした
3	rt tag rt 1978 power outage for redcliffe resolved digits digits pm energex bigwet
3	rt tag entre si hay como caidas por sismo cruzroja atendiendo mutante los llidoss informa tag
3	rt tag h numbers closed northbound town vauxhall southbound secondary hwywy digits abflood abroads
3	rt tag rt tag city ust hospital already died doctors patients dire need for reliefph
3	watch estes park business affected coflood multiplex link
3	rt - bowness park much left yyc yycfl abfloodood link
3	rt tag update schoolkat updated school timeliness golfer available link pt bigwet
3	helicopter crash glasgow first lifeboat recovered clutha as link
3	rt tag good news single family dwellings outside downtown victoria cleared preoccupation yycflood
3	rt tag nearly digits homes destroyed colorado state officials say link
3	coflood update 10 crews cleared large amount of maxwell water treatment plant per huntley
3	colorado floods thousands of of wells may contaminate water link
3	rt tag continua el proceso de ellicion de viviendas entremarcos link
3	colorado tag update ii powerflood image weld county oil gas wellpad water colorado tag link
3	emergenza terre duc chiude . stabilimento oggi ducatiati prusa per il terremotomoto tutti dipende .
3	ranch discovery ridge home dry waterfront condo wycflood
3	rt taguin coast airport closed , flights cancelled due strong winds qld bigwet
3	rt tag digits closed exit lanes exit digits public route debeque cutoff hwy 12 co pineridgefirefire gjco
3	news digits oil spills flooding omaha crisis denver post link
3	rtl bundaberg bargara burnett heads coastal area - without power digits scullys bigwet
3	tag tag tag help needed ust hospital tag tag tag , rescueph
3	rt tag bad buildings kill rana plaza isil stringent building building link
3	ugc electricity tag is getting stronger malapascua for electricity pabloph link
3	clean meteorite hit urals big infrastructure operation going russia ural region friday spectacular meteoriari
3	hey health service boyne tannum qld wet windy bigwet automatestelstrabroadbandworking fartocontactwifey
3	ear tag weak stomach larimer county grace flyover survey coflood damage link
3	lacmegantic estimates extent data .
3	embassy manila looks like floating flood three weeks hea link
3	video st vrain bridge bow hitting bottom bridge hover rougemont link
3	a tag latest pix flooded tc bridge construction berm north shen medhat mhfl abfloodood link
3	acken call en costarica rt tag una foto de comogasdaron algunas calleses rumbo el playa luego del terremoto link
3	helicopter collecting water multiple cars horses sydney olympic link via tag tag
3	rt tag helicopter rover pub glasgow link
3	flooding shuts the colorado trail destinations link
3	rt tag great news connect calgary rt “ tag tag langevin bridge open yycflood ”
3	rt tag tag calgary drop centre monitoring amp affected clients brought an afternoon wycflood
3	talked folks tag chancellors whether close or monday coming soon boulderflood
3	rt tag terremoto candaco di cavezza lopop racconta la bombazzi frantumi soprattutto quelli gia danneggiati dove lavoravan
3	tag federal agency tag funds metro rail derailment emergency order federal railroa tag
3	rt tag unimaginable destruction typhoonhaiyan philippines tuesday happy things tomorrowday link link
3	saw earlier titles french club yycflood link
3	denver news colorado wildfire commission destructive state history denver triple digits square through link
3	tv tag holy cow calgary rt tag earth power could months possibility fire chief abflood
3	rt tag currently handles downtown core businesslife due yycfloods wednesday however …
3	1 ' olbia il digits non funziona numer alternativii e emeregenze il xvi digits digits digits digits sardegna
3	tracimazione della editora di torpe sardegna link
3	aggiornamento ore digits pony da anas su stradegidegnawald allertameteosar
3	rt tag scene power outage banff lake louise tag reports website inycfl abfloodood
3	rt tag insieme con affetto gli sui luoghi del disastro siciliana : situazione baronia allertameteosar sardegna ht …
3	rt tag close look centre street bridge flowing across deck courtesy alex halat yycflood link
3	the colorado floods link watchmemes weather viralvideos .
3	digits digits magnitude earthquake topples historic buildings in philippines digits digits magnitude ⋅ link
3	e tag torre dell orolog finale faº vedereee orologioio spaccato meta terremoto link
3	link mostly rice crop unaffected typhoon ssha link
3	increased tag hwy digits learmont digits for cut digits minutes drive morning coflood
3	a tag canadian oil freight facility explodes digits buildings destroyed lac megantic nokxl rail link
3	volata giu la chiesa alla moglia provincia di mantova per il terremoto
3	rt tag breaking metrorail passenger train derailed new york city link
3	rt el completamente destinto el fuego para la refineria de azuay en este momento link via tag
3	rtflf history destroyed dome including massive trouble team photo digits signed players yycflood
3	tag moments talk about bonnybrook bridge amp yycflood issues
3	todd coming closed front door bigwet .
3	rt tag tag coflood incredible road damage usoff lyons estes lake link
3	the tag photo shows : police station glasgow clutha pub link amp link
3	rt tag skyway update floodph buend exit buendiaia exit closed insurance tag rt tag
3	the tag helicopter crashed glasgow pub friday night hit building molina would noticed management …
3	breaking news . colorado floods service providers working customers link
3	rt taggart flowing pathway prince island park wayflood link
3	developing muddy water ( - supplied half usual digits ml daily consumption huwet
3	rt tag title loss “ tag tag tag declaration . lac megantic gone ”
3	mike tagts heard saddledome closed floodlights show come back soon hold …
3	bdbflood sunrise bundaberg qld feb digits burnett lake ranges qldfloods ravaged banks link defunct tag bigwet
3	tag probe seeks cause of train crash : digits tag
3	passion region meteor recovery meteor fall link tag science technology
3	rt tag texas explosion blast smokew homes most shortly blast video link westtx
3	police helicopter services pub glasgow link
3	rtsh erin mielzynski canmore has washed away cougarcreek roller close homes wyyc abflood link
3	tag urgente terremoto de digits digits en costarica estan acrumpidos los servicios unidad telecomunicaciones
3	pgh both need help reliefph
3	throwbackthursday digits boholescape viewing area chocolate store bohol ruined ki !
3	rt tag bohol robert omg laning earthquake rt tag 29 year high tower collapsed link
3	in brazil nightclub fire safety questions emerge .
3	rt tag boulderflood area link
3	rt tag helicopter crashed glasgow pub thursday night hit country but would noticed un …
3	must tag one many basement saw morning calgary yycfloodss stories return tonight global link
3	bike path digits minutes ago snowflood medicinehat bloody hat alberta link
3	la tag asi esta la refineria al amuay en este momento link amor tag
3	tag helicopter crashes don pub eight die three dead crew aircraft fi tag
3	rumors added lac megantic disaster criminal investigation railway says that th unit shut jv ows link
3	rt tag rt tag rescueph ugc college modular west riverside corner kentucky st sfdm travel link
3	bundaberg store owner affected . thank god insurance sure readthefineprint bigwet
3	cng wivenhoe sealed water let by meant bigwet
3	rt tag nuevamente se incendio tanque digits de la millineria de amuay bomberos mr smp en pistoles de destincion del fuego
3	rt tag insane photo flooded lemonade discovery ridge via tag massive yyc abflood
3	rt tag ust hospital generator passenger to doctors patients dire need help rescueph
3	el tag las fotos mas impactantes , la explosion en la refineria amuay .
3	rti fuego en el tanque de la millineria de amuay municipio los taques esta siendo controlado por princesos del crp
3	rt on powerful digits digits earthquake strikes philippines aftermath digits television link
3	e tagliamoto mantov il campanile mutilato di santa barbara nui crepe nell cellaaa link
3	rt tag alberta gas leak code extreme flooding prevents shutdown link
3	rt tag happy earth apollo inners latest texas fertilizer factory explosion oil spill arkansas ht …
3	tag city in new york station derailment may affect commute options take metro tag
3	anybody taking amtrak to plattsburgh find means running nyc albany due train derailment
3	rt tag exhausted tube grab digits mins rest back at at york rd blue mountains tag nswfires link
3	colorado floods shut hundreds oil gas wells recovery take in a oil link oil brk
3	the bridge reopened bigwet
3	co tag rt tag roads divided boulderfl link cofloodood
3	rt “ tag car tree mooloolaba tag tag deewet link tag
3	rt tag looks like helicopter gone right roof clutha bar glasgow link
3	rt tag bigwet ergonomics crews requesting sight stripers stay roads crews trying move link
3	rt tag fire lac megantic passenger train derailment at spaceford link
3	rt tag rtbot police photo metro north passenger train derailed nyc cars water
3	rt tag cnn news oil spill ; airliftss colorado link
3	inuit tag rain floods calgary landmarks link
3	rt tag “ tag used northbound macleod ? yyflood yycc link awesome yet destructive .
3	the tag must see flooding pic high river ab rt tag rt tag high river abstorm restorationflood link
3	derailed train fleet adds long nyc commute usa today link
3	rt tagan massive fire erupts at town train derailment link
3	link lending plains queensland braces flooding nbc news free architecture selective stocks ebay mktg
3	russia disaster recovery meteorites broken glass russian region labors replace acres windows smashed economy fall
3	rt - former rfs sergeant warns asbestos concerns bushfire acquisition properties link nswfires hea …
3	deadly rainstorm floods sardinia island link
3	rt tag bike hiway near klinvest still passable light vehicles flood water digits ftu floodsph tag
3	rt tag partners tag created map west israelis explosion link triage location
3	refineria de amuay comenzoradivar actualidades - produccion link noticiero digital
3	titans tag rt 4 cesa en su totalidad fuego en andineria together amuay link terrorenamuay
3	digits tourist spot cagayan de oro [UNK] big rotonda flood highflood omg pabloph bridge link
3	speaker senators 2017 getting jamestown mail routed boulder coflood
3	south boulder road fully open directions cofl boulderfloodood
3	rt tag mt tag ta tag avoid lax time century blvd closed prior to entrance call airline info ” …
3	rtc closed digits maxworld boston bomb safety reasons via tag
3	abcnews police helicopter crashes glasgow pub roof major emergency response described link
3	alberta flooding canmore bragg creek fraser river ferguson calgary digits link
3	stop tag rtn major delays every train line morning commuters alternative to bigwet link
3	rt taggio sistema di prevenzione novecentesco alluvione sardegna allarme viatix ai municip chiusii di domenica tagged link
3	calgary floods trigger oil spill danger evacuation link
3	bad gets worse via tag quebec oil train has triggered oilspill and water supplies link
3	rt vision rt tag ust hospital running food need help tag tag tag rescueph
3	helicopter soccer roof clutha vaults bar glasgow – pictures aftermath popular scottish link
3	rt tag shot officials at ontario international airport claim normal security procedures wake lax shooting link
3	el rt tagera quienes conocemos la millineria de amuay las reviadas en sus alrededores la link
3	rt tag colorado springs fire spreads tourist areas pikes peak rocky mountains park artist travel ttot
3	rt tag nswrf future shane fitzsimmonss get the digits homes destroyed today lucky nswf …
3	hospital melbourne australia hit heavy flooding link
3	rt tag report fire risk incident swift vehicle rollover floodwaterwater gympie mattooga road widgee ahwet
3	rt tag nenshibus is back downtown , business yycflood
3	el gobierno venezolano espera lafocar en breve el incendio a la refineria de amuay mas munoz el ec
3	rt tag quotes restored digits digits calgary homes today come list outage updates link 51ycflood
3	music tag mas digits juras de la tragedia reina la destruccion en la cercania de azuay – link link
3	rt tagge concerned damage pearlstreetmall pearlsflood happy report far …
3	yikes tree powerlines toowoomba bigwet link
3	rt tag enimagenes asi quedaron los tanques de la millineria quiuay link
3	river tag [unused989]e sismo de magnitud digits digits sacude guatemala link
3	in bohol philippines digits digits magnitude major show collapsed buildings damage via tag link
3	rtl continuan trabajos de enfriam integuramientient en refineria de amuay el emendio esta continguidooo continu link
3	rt taggart urgent appears police helicopter monster pub glasgow link
3	rt tag flood ravaged boulder sets mark digits city big wettest year link dubaiflood .
3	russian meteor asteroid recovery meteor damage link via tag news
3	rtna sardegna niente burr per le manutenzion alle province cancellate cosi crollano pontiii le strade del muore acqua …
3	flight delays continue across us lax shooting flights los angeles international airport con .
3	in downtown lac megantic quebec flames derailment mayor says city center assembly tag .
3	destiny tag please reweett help uerm qc deppd medical center qc relief rescuephph link
3	russia starts clean meteor strike link link
3	rt tag alluvione vandegna torcuato comune torpe allarme maleduta la diga incertameteosar
3	travel tag officials colorado sunset park fire claims digits homes state history tag link
3	rt tag se suspenden por hoy lecciones funciones entre pec segun rectoria temblorcr
3	rt tag picture emergency services scene glasgow pub helicopter model link
3	rt tagline estimates building repairs infrastructure coflood city cover savings 書 change budget …
3	restrictiveician las investigaciones sobre la patio la refineria amuay , hay mucho investigar conocemos el culpable .
3	- still burning quebec town digits hours runaway train crash link
3	please send food to ust uerm pgh need rescueph
3	wrathnae baungon bukidnon wrecks major bridge disaster town severely affected rescuephph mindanao .
3	rt tag indooroopilly state high open prefixes digits january please rt tag tag tag kaiwet
3	toll tag flood update along manila digits digits lagusnilad passable parked vehicles infront cont link
3	horrific colorado earthquake occurred weekend towns areas evacuated link
3	rt tag glasgow helicopter falling sky by scottish journalist gordonsmart tells bbc digits live !
3	rt tag man lost house nsw fire engines coming a years fuel built green councils burn …
3	the quake damages historic churches loon philippines ap — earthquake struck central ph .
3	rt tag scanner boulderflood road lee road rock slide road closed
3	rt tag tagmt blue bin pick suspended across the 58ycflood
3	the tag politicians deny flagrant thievery seeing lack infrastructure philippines maring !
3	rt tag explosion de digits er tanque en amuay fue en la madrugada . . lunes segun denunciaron trabajadores .
3	helicopter services pub glasgow link
3	rt tag la gente efixiandose con el grit que para diosdadoo cabello es bueno con la salud amuay
3	rt tag flooding from drumheller toward stockton abflood tag tag hitting link
3	floods in colorado gore tex vortex lyons colo — cars normally clog up ;
3	rtp update arrival departure roads closed lax reports shots fired terminal digits link
3	rt and nswrf commissioner shane fitzsimmonss gave less digits homes destroyed today lucky tf …
3	rt tag “ tagatment deraillement newfoundland train lac megantic par les pompiers link catastrophe tmd …
3	rt tag magnitude digits digits earthquake strikes the pacific coast tsunami warning issued details soon .
3	rt tag five bus routes remain detour drive slowly macleod rough around francis grounds lycflood
3	dam tag lake minnewanka dam failed pls see latest banff railway link abflood
3	via tag costa rica quake left little damage showing sturdiness nation structural codes bought via tag
3	omg “ taga metro north passenger train derailed new haven bay link
3	peak mexico colorado wildfire burns digits rot news link coloradowildfires
3	rt tagbarrill view cunningham hway duens qldtraffic bigwett
3	rt tag fire hank street heatherbrae downgraded watch 1888 nswfires double digits
3	rt tag apartment building explosion west link
3	rt .чсцнвт ущрб отрдния мтортааа млнпублиииии манеееееееее субернаторнеля
3	rt tag reporte desde aguay ni una paredia pie de las casa , oficiales de la gnb arrasadass por la explosion link
3	rt tag logran apagar las llamas del tanque cuba en refineria de azuay link
3	rt tag video fire destroys buildings canadian oak - megantic derailed train explodes link amp ;
3	rt tagus braces flood peak hundreds homes ipswich escaped inundation queensland flood crisi http
3	rt tagacuay lleva tres dia ardiendo link alafta llamass nacionales destacados
3	tag dios santos hospitals generator may die moment need help rescueph rtvds
3	featuring expands water pumping include businesses yyconward yyflood yycc .
3	rtl alberta farms ranches and catastrophe floods via tag link abfl yycfloodood pearls ?
3	william tag sghaze latest moe informs schools to cancel school activities rest june school vaca …
3	civil road closures rockhampton regional council bigwet ;
3	shipping reports of suspended flights lax laxshooting
3	colours west falling according reports springwood hits coogee via digits instagram nswfires link
3	sydney groom fires sydney fires nswrrfs sydney bushfiresfiresfires sydney link
3	a nyc train derailment airs queries technology yonkers ap returning new yor tag
3	russian region site recovery meteor fall preppersguide
3	rt tag metrohall passenger train derailed new york city cars water ap
3	rt tag stateofemergency southern alberta gwy pennsylvania evecuations ongoing rain continues link link link
3	refineria de amuay policiara su canciones el vierne segun sestro ramirez marotosss link
3	rt tag boulderflood bing closures trek service north boulder roads every canyon stay home
3	is closed us digits eastbound westbound riggins greeley milemarker digits digits tonyflood cotraf
3	colorado floods damage 29 oil wells roadways link
3	pls help people tua high helps along to need food water clothes and rescueph tag tag
3	train derailment sparks major fire quebec eastern seaside link
3	rt tag churches destroyed bec communities busy protecting people houses forgot protect prayforvisayas
3	side street river breaking bank chelmerbridge - taylor bridge bigwet link
3	flood tag google crisis map gives good overview flood spots around city .theycfl abfloodood
3	rt attendants effroyable rt “ tag du ha des [unused309] peutut dessurer horreur est par sur lacmegantic link
3	rt tag reminder rex catholic school board schools closed ; rt let children know yyc5ycflood
3	info school bus link nswfires
3	torrente digits creara guatemala com mexico reconstruccion tras automoto el comiteite tendra como subjetivo coordinar mackay link
3	rt tag watch live los angeles international airport evacuated shots communication link lax
3	bigwet canyon river walkway victoria bridge high peak link
3	rt tag cateel week pablo linklyph
3	the and video aerial shots colorado flooding link
3	, stradbro island cut second day row ferries - strandbrokeke bigwet qldflood .
3	rt tag hope reds open 400 digits th still lots summer to enjoy patio blinkingycflood localfood link
3	since water helicopter crashed busy pub glasgow scotland police say digits dead kids almost certainly go
3	valley alluvione sardegna il crollo del ponte di norgheri link
3	rt tag google map showing yyc evacuated area extensive much downtown yycfloodning community yycre .
3	tag us patient needs a generator wontt last long patients suffer rescueetephph
3	rt tag fort morgan underwater platte river well banks expected get rough tag coflood link
3	metro south derail demonstrates need ; metro north derailmentment demonstrates need link
3	rt tagat medical officers ersibleng idemolish dahila lindol prayforbohol prayforcebu healourland digits dras
3	rt tag sos ust hospital flood - food patients amp staff please rt tag tag rescueph tag
3	rt tag fire eaten nearly digits miles beloved colorado mecanyonfire
3	rt tag alert digits homes to evacuate due airstafffire near bison pass boulder link
3	any damages bukidnon recognized food basket mindanao may amount php 100 million linkseph
3	typhoon bopha threatens another rare cloud formation seen amidst the banana plantation fou link
3	bhp coalmines hither steel qld , coal producer set lose production bowen basin co link
3	rt tag rt digits house hacie avenue haciendanda heights brgy concepcion digits marikina burning rescueph
3	rt tag list current roadblocks yyflood yycc .
3	rt tag geolog setto accusa urbanizzazione sfrenata per digits ill abbiamomissumato digits metri quadratiii al secondo sardegna ht .
3	heard fleur assistant philippines digitsu earthquake hit nearby of buildings link
3	much water streets walk every street downtown green sure school flooded [UNK]nnycflood
3	il tagliamoto modena stato evacuato il policlinico transennate corso duomo viaggio centro scuole chiuse bambini .
3	lax : remains closed unclear early to los angeles international airport terminal digits link
3	the tag hatflood triggers oil amp gas spills link primary sources tag amp tag link
3	rt lacmegantic pas de contamination de eauu pas de contamination bacterienne lese en au petrole selon autorit …
3	news update furious wildfire that leaves destruction wake .
3	rt tag rt tag dirt berm elbow river broke contaminated neighborhood calgary flooding safeway yyc .
3	haze disrupting shipping looked last . marina bay sands east singapore link
3	fires sydney blue mountains destroyed nearly every flags nswfires link
3	boate kiss teve plano de invencao incendio alito - empresa de bombeiro geral zero hora link
3	house wrecked boulderflood decided playest via tag .
3	hard imagine digits digits - destroyed coloradoflood
3	pls rt - digits pm june digits tagtoop highway digits remain open cql abflood
3	travelers use los angeles international airport the shooting killed one getty images ;
3	police helicopter crashes pub on liveleak tagıcılıgıyla .
3	1 la airport reopen shooting los angeles international airport reopenss merry friday attack tag
3	found happened bohol scenic pictures churches ruined keepsafe earthquakes
3	tagaloamerican building zoo 9 digits animals need home including sloths , spider monkeys abflood got room
3	new york train crash three daily commuters faceeck line closed blog link blog link
3	tag generator hospital died pls rescue people stt uerm amp pgh hospital tag rescuephols amp spread help .
3	the los angeles airport reopens tsa agent killed - news link .
3	4 digits homes destroyed sydneyfires australia
3	rt tagum loboc - bohol amp earthquake prayforvisayas god bless philippines link
3	rt tagu desperate flooded basement sunnyside see high water yyc yycfl digits yycfloodood link
3	2010 kennedy lastchancefire burns est digits 10 acres grass farmland or homes amp digits fire truck lost digits structures burne
3	rt tag incredible news photo quebec fuel train explosion fire .
3	rt taggbertameteosar sardegna olbia metto disposizione del mi la senza problemi contattatemi il mi numerooo digits …
3	rt tag ust hospital generator already died please send rescuers tag rescueorphph tag tag
3	national ▪ illegal herd placed away qld floods entire herd digits dairy cattle where away rag link
3	son digits tanques en la refineria amuay en la cual solo handalo repectados digits
3	costa la reubicara alumnos de escuelas baladas por terremoto link
3	rt tag rt rt tag ugh tag rt tag memorial loch prince island yycfl waterfloodood link
3	que tag extraoficial nuevamente se incendio unopu los tanques de colcenamiento ! la refineria de amuay
3	rt tag digits ng mga bahay sa agusan all sur nasira ani gov plaza pablo animatorphph tag
3	no tag radarend da boat kissas risco predio da boatee doabar peritoss de poa farao pericia sobre causa incendioio tr
3	rt tag adm digits - use hashtag rescue someone know needs rescued reliefphph aid relief int …
3	helicopter crashes pub helicopter crash crashes late friday scottish city glasgow lo link
3	→ : аена ккоррр мордлсс пдения мееориаааааа мачисменены linkовееориттттттттт
3	colorado springs fire department air force academy waldocanyon cofirefire link
3	photo live shot abc tv smoke bluemountains invictoria news nswfires link
3	rt tag skyway update floodph buend lifts buendiaia exit closed via tag click tag
3	final exams cancelled due flooding good thing ! bless calgary hallelujah !
3	rt tage water advisory fees water treatment plans uncomprimised costs remains high yycflood
3	colorado flooding will help keep tourists away link denver — little year colorado atom john hicke
3	rt tag peace church looking southwest wycflood link
3	cm tag speeds reduced digits digits kph gwy digits abroads ucflood catalberta ableg link
3	rt bomberosos voluntario millsan las casass danadas en san marcos se terminanr derrumbar temblorgt
3	check colorado frack site - two digits link colorado fracking flood control well oil gas fracked
3	briefly rained katoomba ashes like decent rain fingers crossed keeps bluemountains bush bushfiresfires
3	cars completely covered work yard walla street singledwet bundaberg link
3	bigwet breaking brisbane mayor quirk brisbane mayor get clear emergency .
3	rt tag rt tag minister vivian sghaze task force formed schools may meet situation alerts ” link
3	rt tag grabe ang footage ng meteor hit russia big flashlin shock wave glass broke old headphones sto
3	colorado wildfire destroys hundreds homes colorado springs fire fire destroys hundreds homes ha link
3	rt un terremoto de digits digits de magnitudd al suroeste para guatemala provoca el derrumbe las casas .
3	rta anhydrous ammonia tank at west tx fertilizer plant bad stuff txfire
3	the right decision leave heap fallen trees downed powerline made inaccessible driving conditions qldfloodss
3	las fotos mas impactantes de la explosion en la refineria amuay .
3	blaze hits australia olympic park fire 2 olympic park destroyed damaged around digits cars link
3	rt tag helicopter crashes roof bar of city centre .
3	scuvione sardegna evacuato il comprehension di volpe gratt allarme per le pericolo del cedimento della digaa link
3	rt tag capture flooding closure two eastbound lanes memorial dr digits st boardwalk call nw planned yycflood
3	fliers delayed los angeles airport shooting link
3	rt tag may hear people complaining about metro north derailment better digits than late life digits …
3	explosion hits fertilizer farm north waco rail link
3	rt tag hospitals ust uerm water urgent emergency power generator stop anytime soon rescue reliefphph
3	faa halts flights heading lax tag
3	three homes lost due waldo canyon fire seven guessed digits body found remains destroyed home
3	las fotos mas impactantes de la explosion en la refineria amuay linka .
3	police helicopter crashes roof on pub link
3	y tag tercer haque toma fuego en amuay pero ramirez minister que en los hrs arrancaba refineriaia briannah dijo ayer el
3	nba news us digits open sheridan mccaslin reorganized wx cotrafampflood
3	rt . sunnyside residents upset houses flood second time link yyflood yycc
3	rt tag video 3 digits th st underpass boulder tonight link boulderflood
3	minute helicopter removed pub freezers remove a crashed busy glasgow pub frida link
3	tag never know flooding : blocksam looking east digits th ave cleared yyc yycflood link
3	rt tag well 4 sector students school gymnasium cancelled rest june vacation edsg sghaze
3	powerful quake rattles costa ricawang damage experts point depth building code
3	colorado springs fire network digits homes mayor says fox news link tfb tag
3	rt tag calgarians say insane all littles river & macleod tr tag abflood link
3	yolandaph power restored naga river cebu
3	rt tag link co digits cove limon brush due pin road increase began june digits th digits aqua digits pm cofirefire
3	tornadoes destroy damage digits bridges colorado weld county — thirty bridges reported .
3	rt tag vibe wildfire colorado leaves destruction wake link
3	australia weather increases threat fires fifteen fires under burn control new south wales .
3	p tag mt tag toppled oil tanks spill colorado river coflood link
3	rt tag zoo bridge yesterday digits graded via in yycflood link
3	rt tag police helicopter crash landed near the pub last night ampute people trapped inside morning link
3	australia floods entire sections lie submerged four feet sea foam along east coast mail online link tfb
3	image tag link pics = saddledome digits less photoshop yyc yycflood
3	sardegna un su cinque costruiti pontifici pubblici commerciale rischioio
3	floods may also change funky colorado towns
3	rt tag terremoto croll probbriche provincia di ferrara marchionaterghese campanili aggiornamentii a tag
3	bakitsan mg churches pagas namanan yungg mgaa bars clubs prayforvisayas ;
3	rtii disculpen es solo amuay es los zonas albayacentes la sentineria judibana prop fijo antiguoo aeropueto
3	rt tag please simply the evac center silver creek high school digits nelson road longmont unionflood tag
3	rt tag el buendio de la mayoressineria de venezuela revela la crisis del mundo pirate via tag
3	rt tag shooting lax affected nearly digits flights airport director co .
3	dos tag “ tag informan de babarumbes y explanationias carreteras muchos lugar aun sin luz recibimo suss reporteses almotocr ”
3	new tank burns venezuela 1953 death toll rises 12 8 ada digits adayy
3	devastating 1997 colorado floods captured satellite link
3	rt tag tag rt tag ctrain tunnel coming core underwater psycflood link oh wo …
3	tag tag tagg ust hospital generators already . please send help rescueph tulongtayotomasino pray
3	rt tag mitergex digits still : still without power moment bigwet
3	entiendo de la refiner mas grande . se ubicada en venezuela se incendiaia causa una acastrofe tan grande tag
3	rt tag imagen del abuelite terra muestra al hum del incendio en amuay la 2ance por el puntoo para vzla link via
3	interesting colorado wildfire . hundreds homes link
3	flooded colorado get heavy weather trees stranded thousands cut schools apart ripped roads digits jivnuyziufpa digits jhxey
3	the meteor explodes , generating sonic booms filling sky smoke omigod
3	rt ™ lax update airport getting ready allow employees back terminal digits according lapd link via .
3	[UNK] rtr nineteen churches bohol major building even reduced rubble nineteen nineteen
3	rt tag lacraftic des commerces dont il ne reste plus que la facade credit rene jobin the link
3	rt tag due rising water levels lower deck centre street bridge closed careful yycflood
3	rt tag passengers unable reclaim personal medical care supplies prescriptions contact lax ’ provide medical cli …
3	canada cbc news police helicopter maze like stone roof glasgow pub aviation news link
3	the tag la airport reopens using link sebheupdate
3	fire water might burn hospital born
3	helicopter , glasgow pub shit good link
3	“ tag digits homes confirmed lost nswbushfires nswrfs 120 nsw amazed lives lost
3	police latest road information look state traffic motorways orchestra bigwetmildtrafficdmr traffic amp travel informa
3	amateur tag crosslines gold coast rail line damaged trains tomorrow morning varsity beenleigh bigwet
3	rt tag bigwet to stradbroke commercial barge running training services water taxi 8 time evac .
3	rt tag watering blocks cement ripped barge boulderflood link
3	rt tag posted photo flooding calgary north newsstand yycflood link
3	helicopter crashes glasgow pub global link of tag
3	rt tag roofing iron logan park holland park qps scene 1897ldfloods bigwet link
3	earthquake philippines reduced historic landmarks in link to tag
3	two crashes glasgow pub link
3	rt tagakawet bruce way tully church oak closed
3	colorado flood impact real estate link coflood homevalues
3	rt tag , destroyed 88 busy portable home forgot protect prayforvisayas earthqu …
3	st rita college clayfield theatre usual school is scheduled is wednesday bigwet
3	tag flood alert araneta rodriguez - passable type .
3	alluvione sardegna crolla un altro pont provincia di olbia late autorevoltee meteo web .
3	fertilizer company of west tx caused digits million insured losses link
3	i tagappendio en refineria venezolana de amuay se extiende un tercer tanque .
3	rt tag 33 residences drop centre closed due flooding concerns yyc yycfl abfloodood
3	rt tag footage tree falling bow near river sounding link yycfl earthfloodood
3	colorado flooding cascades broken oil pipeline weld county occident link
3	digits digits pm gobierno informa sobre trabajos de recuperacion tras explosion en refineria amuay link
3	rtm update helicopter the glasgow pub belonged tag link
3	rt tag please rewee rt tag usttt hospital generator it died please save rtrs tag rescueph
3	fire still burning venezuela biggest floods day oil refinery link
3	red tag estimated digits total or - digits million lost revenue due closure repairs yyflood yycc
3	noble energy supplies closes digits eight percent colorado wells link
3	mapas : en amuay ultimas noticias al via tag
3	rt tagli radio londra sardegna second coldiretti danni agricoltura superano digits galiardoo bologna euro
3	rt tag wow “ tag saddledome flooded light city static pop arena yyc yycflood link
3	rt tag severe congestion cunningham hwy 10 amberley limited travel possible bildtraffic bigwet
3	feck cbc news police helicopter crashes clutha . pub glasgow .
3	dice eluniversalnormasleido ho ce tag continua incendio en los tanques de amuayy link cuba venezuela
3	rt tag shooting prompted evacuation terminal digits lax rt no tag link
3	vortex transform colorado gore tex the residents return find that gore tex vortex transform link
3	rt tag mga sasakyan galing nlex papasok ng metro manila hindi chef pwedeng dumiretso ng bonifacio dahil sa tras ng bahasa
3	tag typhoon ‘ pablo ’ reduces phaseagars link heart breaking
3	rt tag ust hospital generator emergency died causing patients dire need reflects rescueph
3	oh dear rt tag breaking water row digits saddledome were i garbage submerged yycflood nhl ”
3	rtv power shut evacuated communities safety centre first responders thenycflood
3	tag near bo boholhol philippines town sagb earthquake center wher sagbayanayan united methodist church located
3	rt tag oil spilled colorado 1952 exceeds digits digits gallons link coflood .
3	rt tag uerm really needs for flood four digits superman floor nursery rescuers whole day rescueph
3	tag todavia jigue vendido los tanques en amuay el presidente los otros locos dicenn que esta todo abajo control era mal
3	rt tagiciendio en refineria venezolana de amuay - extiende un conceroque link
3	rt tag ust hospital generator already died please send choosers tag rescue reliefphph was tag
3	rt taglicollato teatro comunale edmondo terremoto
3	twitter tag live shooting reported los angeles international airport link
3	rt tag plz rt public schools cbe rt catholic saturday monday yycliycflood
3	rt tag crollato il duomo di mirandola alt dimannoni altriri edifici di bologna emilia pascale rainews terremoto
3	bhp national southern qld towns prepare sound regional towns queensland south preparing floo link
3	rt tag shot digits st se morning scycflood link
3	controlado el pequeno incendio registrado la toche de este martes en la refineria de amuay
3	rtlsd isnt rain radar huge smoke plume : sydney fires lithgow link
3	bowness bc melbournefl calgary calgarystrong wearecalgary yycfloodood link
3	rt tag hard hit multiple colorado water system compromised flooding urgent water link
3	rt tag flooding maryborough australia visible in noon morning digits jan link
3	solo danos planees tuvo el estadio nova de costarica por el terremoto foto tag cc tag .
3	rt tag breaking metro north passenger train derailed new york city link
3	rtv spoke red rocks and underwater wet lumineers for tonight still planned coflood
3	the city crashes ‘ like stone ’ glasgow pub link
3	four tag 124 lines open cofloodrelief link
3	lady tag enbridge shut tarsands pipeliness spillway caused abflood link cdnpoli abpoli abima …
3	mas ya leamanana en taguere revela fallas de mantenimiento en amuay
3	rti controlado incendio en la refineria amuay link
3	university of colorado closed monday due flooding . tag link
3	rt tag cuboulder are also closed 2 digits digits due boulderflood cowx
3	original : photo red circle train tunnel downtown calgary yycflood trail tag
3	rt tag earthquake philippines - historic big rubble link via tag
3	lax airport evacuated shooting bullets link
3	activated tag estimated digits . damaged destroyed colorado cofl boulderfloodood cowx link
3	cars swept through news evacuated — calgary newsroomsrooms dealt with flood alberta history link
3	rt tag lax shut down various tower ground control data link
3	storm oswald continues cause flooding flight to and daily mail link travel
3	rt tag sped tag boss so ge ab die ustt ! still help uerm pgh plss grimm thanks - rescueph tag
3	rt tag digits digits oil gas wells may wake colorado floods link
3	rt tag rt tag terminal digits digits tbit open lax tag terminal topology still closed laxshooting larric busy …
3	crazy number tag today tuesday cofire math digits colorado fire digits digits sq little digits digits acres
3	rt tag stampede race track rsflbalaycfloodood link
3	rt tag glasgow helicopter crash - work night rescue trapped people police live link
3	rt tag digits identified houses businesses structures destroyed around texas fertilizer plant rail link link
3	colorado fracking site ( september 2017 hd link via tag
3	rt tag alert via the calf robe bridge closed careful and safely yycflood jelive free news today link
3	olrica luis barrantes alcalde de valverde vega dicejo hay 4 menos digits muy afectadaada varias quedaron inhabitablesss fb
3	speaking tag sghaze latest moe informs schools singapore cancel scheduled activities 3 june school vaca …
3	alrdy damnage completely slow dwn hashtag smrt reduce for speed due low visibility caused sghaze link
3	cherry tag digits digits digits numero in contezione civile per assistenza zona modena terremoto
3	russian city reports half meteor broken windows replaced tag link
3	2015 el foto actual de los los tanques en la refineria de amuay en llamas link
3	severe flood submerges parts flames arena 2 rivers converged western canadian city calgary ov link
3	rt tag number dead earthquake hit . philippines digits buildings and bridges roads - link
3	“ . state tracking digits oil gas spills colorado flood zones link coflood led stackfracking
3	dragon tag ugc typhoon typhoon wrath typhoon yolanda ormoc city yolandaph link
3	rt tag pablophed tag digits digits philippine telecom experienced service interruption due fiber optic cuts areas davao
3	rt tag “ tag cafuvione sardegna evacuato comune torpe ha meindutoco diga allertameteosar tage digits rai digits
3	fl delayed los angeles airport shooting thousands fliersiers across delayed friday air link
3	interactive map of floods link
3	rt . chinatown biz owners pumping basements wycflood
3	win tag lac megantic seen police chopper link via '
3	terremoto emilia romagna cavezzo sventrata dal sisma crolla il digits del chiese cento cede il teatro comunale link
3	"rt tag lacmegantic nous procederons sous peu "" demolition des structures sur le site"
3	rt tag fire mine fire wnw lithgow looks for wind kicked gear nswfires link
3	rt tag picture stampede tv abflood yyc link
3	breaking incident reported . shooting terminal airport evacuated .
3	hair beam power palmwoods bigwet
3	rt tag shooting reported lax emergency vehicles tarmac link photo courtesy tag .
3	the taga lastchancefire burned estimated digits digits acres fully contained northwest alaska fire pio
3	photos tour shows hwy digits damage tex floods near 1832 coflood basex link
3	rt tag video streets , raging muddy torrents deadly cyclone cleopatra nino dora sardegna
3	bbc news quake brings earthquakes tower oldest philippine church link ciforvisayas
3	rt tag infrastructure recovery arduous draining long floodwaters recede to coflood
3	rt tag historical loboc church bohol amp earthquake prayforvisayas god bless philippines .
3	nyc train crash sources : engineer zoned crash cbs media link
3	rt tag dott uerm pgh delos santos hospital needs rescueph tag , tag tag
3	rt tag breaking police tran metro north passenger train derailed new york city cars water
3	مخبا هام hospital evacuated australia hit heavy flooding cnn link اخبارر هامةة
3	digits mph hell rttag the ntsb train derailed after traveling neighborhoods mph approached digits mph zone
3	rt tag afp explosion de refineria mi amuay es la fir vida en el mundo entre ultimos digits anos link
3	sardegna crolla pont nel nuoresee muore poliziotto che scortava ambulanza di tag
3	bridge ed , yycflood edworthyworthy park .
3	how exactly bonnybrook bridge inspected from by rail cars thank advance yycflood
3	rt tag destruction cateel super typhoon danger bopha situation report gt link hmrd
3	australia bush fires in new south wales homes scores of fires blazing australia new south wales link
3	minutepostbiz roads northern do reopen floods recede via abc news link
3	powerful double double digits earthquake costa rica wide swath central america wednesday collapsing houses
3	rt tag rt tag rt tag imagen aereas el explosion de la forineria de amuay tag link
3	kids examine the gash in loboc bo bo rescueboholholhol earthquakeph link
3	numbering digits digits magnitude bo century 1 church [UNK] [UNK] [UNK] boholhol … link
3	rtd warrego highway chinchilla districts closed inspectors jarin ga area empty tag bigwett news
3	photos severe storms australia link
3	rtsco oregon energy companies impacted colorado floods find serious damage link
3	harvest tag digits per cent downtown buildings ready energized using yycflood
3	homeowners stratton park pine acres parts poudre fallsville homes destroyed highparkfire
3	colorado sustainability slowly reopen floods cut residents homes officials gave early estimates dama link
3	rtig controlado el pequeno incendio supertrado la noche de este martes de la refineria de amuay es .
3	stop prompts evacuation terminal digits lax link news
3	a helicopter crashes crowded glasgow pub new york times new york timespolice helicopter crashes ;
3	rt tag photo sd chocolate hills longer pure dairy shape phillip carlito prayforvisayas link
3	sarde rosso e comuni colpiti da tragedia la magistratura puaga faclonesardegna tanzasardegnagna link
3	rt tag digital tag nsw fire cmsr says discarded cigarette likely at yday olympic park car park nsw polic …
3	see also refinery venezuelan refinery blew weekend
3	fire tag venezuela ‘ no hurry ’ joshua refinery four day fire link
3	rt tag happened paisano country mall prayforvisayas link
3	rt tagmstn open deck centre st kw closed yycflood
3	th tag shan 267 city bad macleod digits th stay safe everyone yycflood link
3	tag hows . ? domestic road pasay floodph
3	metrobus ordered multiple signal system nyc derailment – wall street journal republic metro .
3	current port advised citycat ferry services brisbane river suspended bigwet
3	impassable roads hamper philippines quake rescue link link link
3	rt tag hi everyjuan candidates list cancelled flights due typhoon pablo please refer latest uplo
3	google tag churches destroyed and busy protecting home forgot kids prayforvisayas earthqu …
3	photos trail devastation of typhoonyolandazones ormoc please check link
3	scenes devastation relief typhoon haiyan link
3	rtda sardegna tiria oristano strada per marrubiu link
3	rt tag perspective digits acres digits digits 10 mi highparkfire stationary notes still expired containment sco
3	redcliffe cbd humpybong creek north poor getting storm water bay kawet link
3	rt tag ust ! generator already died please send rescuers tag rescue reliefphph free .
3	rt tag “ tag solo minuto i ponte contempo sardegna sapiena distruzione link
3	rt tag one panoramic shot scotsman hill , yycflood link
3	carrier tag pablophuz tag counting digits globe telecom experienced service interruption due fiber optic cuts areas davao
3	robin hood rt tag calling video show aftermath horrific nyc 1 derailment link
3	humming yycflood “ tag watermaster digits saddledome theshow ”
3	danza extinguido el fuego de la desineria venezolana de amuay los bomberos apagaron las llamas del tercer tan link
3	rt tag eight confirmed dead digits digits homes destroyed colorado floods link
3	flood waters from sedgwick county digits homes danger grave side town ovid coflood tag tag
3	chau ust area flood maringph
3	rt . yyc schools north tomorrow thus people avoid coming downtown core possible yycflood
3	helicopter crashes roof glasgow central link
3	rttas via tagulus see tacloban city downtown storm surge yolandaph link
3	rt tagha algunos digitsico se han derrumbado en san marcos tras fuerte paramo se reportan tres persona fallecidasss
3	rt tag meteor shower causes damage urals russian agencies channel newsasia link
3	flood news metro manila floods flooded roads passable link link
3	) support anyone with help assistance sagip kapamilya hotlines digits digits # maringph ha …
3	the tag historical loboc hotel bohol ampat prayforvisayas god bless philippines link
3	rt taglevagon de la urb san rafael de punto fijo un km de distancia de la refineria de amuay donde sigue el incendio
3	“ : rt tag look happened sctex [UNK] link tgph ” jpg [UNK]
3	chilling video shows office russian meteor attack link via .
3	rt tag rt tag alluvione sardegna dieci giorni per fansarare onni fra sangavino improvisationanta link …
3	clf factbox floods shut down down operations colorado link
3	rta el terremoto de guatemala en imagenes escuchorcn al am tag
3	rt tag digits stated cancelled digits delayed shooting los angeles airport tag link
3	blast flattened homes five blocks radius according mayor muskakottx
3	rt tag 61 digits homes sheffield power tag for continue work night link qldfloods bigwet
3	rt tag said digits elementary school nursing home amp apartment building leveled westtx o digits digits deadrrn
3	rt tag evaluacion de conflictos en infraestructura , sismo en guatemala link
3	rt tag balance en vivo des peguay min ramirez casi digits bomberos siguen trabajando desdede mirar en la refineria
3	actually collegiate level universities discretion really for haha pablo
3	rt tag fort morgan underwater platte river well banks expected get worse tag coflood link
3	grabe rt tag urgent hospital board ust hospital flood reached 2 digits nd level rescueph
3	en carnes tras la explosion en la refineria venezolana de azuay link
3	high park south west fort collins co consumed 20 digits acres far digits contained six area nws cowx cofire
3	optimism taclob faces rebuilding challenge taclobanan - rebuild classic philippines typhoon link
3	nycbus derail and wo metro north abc for local train derailmentment latest woee metro link
3	bush fires menace australia media link
3	la refineria de amuay del fuego otra vez
3	rt tag lyons see bridge stone canyon rd gone underflood link
3	rt tag photo of quebec train derailment via rt link
3	bbc tagata destroyed floods near oliena sardinia sardegna .
3	whole waters compressed hundred feet spots clouds piled three high certain places lacmegantic
3	triumph tag terremoto emilia dannidade aziende biomediche forniture rischio ;
3	rt tag blood glass debris sidewalk damage two boston marathon explosions the the bosto
3	rt + deadly quebec oil train disaster athabasca oil spill day tar sands healing walk link
3	""" tag many success power gas cut may see yycflood you ’ ll , either please sit …"
3	canada stadium eng river calgary euronews euronewscanada floods engulfulf downtown calgaryeuronewsflash link
3	police helicopter crashes music pub roof glasgow .
3	workname us digits lyons estes park restricted access information read link nflood
3	calgary local management emergency lots evacuation negotiations closuress period safe yyflood yycc
3	stmp silkair flight power 4 back singapore pekanbaru due haze link
3	rt tag devasting update highparkfire digits homes lost likely counted in days
3	rt tag meteor exploded russia chelyabinsk region friday blew windows cbc letter tv link
3	topstories colorado wildfire destroys hundreds homes via bbc news link
3	rt tag number coal mines releasing rolling water fitzroy basin rivers : port one chase burdekin bigwe htt
3	tag web colorado road closures present dangers devastating floods link link
3	rt tagutter vivian sghaze task force formed schools but close situation persists
3	the tag tag rice chemical fertilizer plant explosion near waco texas link
3	flooding discovery ridge calgary june digits digits link via text yyc ;4fl yycfloodood
3	( tag urgente sismo de magnitud digits digits sacude guatemala .
3	rt taggers helicopter falls onto crowded pub glasgow downtown link
3	rt tag rt tag la scuola di ottiglia mantov foll era fortunatamente patrioticaa evacuataata terremoto emilia
3	authorities fertilizer plant explodes near waco . apr digits digits digits et link
3	rtm deflagration lacmegantic photo prise de helicoptere de la surete du air link
3	chavez ya tenemos ninguncique mas llama en amuay ahora estamoss infriando
3	finally power cyldfloods hwet
3	inform tag universidad de costarica reportaa paredes fuertement agrietadas por sismo del territorio costarricensee
3	rt tagusizada fotos nacionales medios de costa rica cohabilitados tras fuerte terremoto link
3	manila water water today : flood brookside cainta rizal
3	rtr line tag rto breaking photo building ablaze explosion near waco link
3	rt tag heard shooting airport bus considering lax digits times month bit scary …
3	rt tag photo apartment near explosion west texas tv link westtx
3	russia starts clean meteor strike link
3	rt tagliadegna siquintano domeni suppererta meteo anche oggi link cronaca
3	rtwr toxic tanks leak carcinogens water way coflood banking pulmonary link
3	take aerial tour colorado river flooding link
3	rta breaking fire southern highlands impacted hume highway link nsw bushfiresfires
3	rt tag baclayon church one oldest catholic churches philippines genus digits catholics prayforvisayas …
3	brisbane catholic schools there today except st joseph school gayndah st mary college laidley bigwet qldfloods
3	rt tag urgent pump watkins rideau community hall big digits minnesota ave sw flooded filling yyflood yycc .
3	rt tag lower bridge deck spans abfl aycfloodood .
3	rtu ust hospital generator already died please send rescuers my rescue reliefphph tag tag
3	rt tag fire news lacmegantic says historic core town . plus indie amp archives entire town history …
3	rt tag shooting lax affected nearly digits . airport director says link via .
3	rt tag dozens dead eight story building collapses bangladesh link
3	rt tag tag expecting service wednesdays tomorrow link preycflood
3	fror central sport apoio santamaria todas informacoes al ajuda rt tag para quem puder ajudarr link
3	bigwet update bunda q digits pm nsw digits pm qldld jan digits gt digits showdown homes inundated adf return first to bundabergberg |
3	advisory mobile phone service interruptions that hit typhoon pablo link
3	“ tag “ . yamba road closed due flooding ” bigwet hills tag made .
3	indeed terrible . rt tagging man … susan templeman alp candidate macquarie lost the nswfires
3	helicopter crashes pub glasgow scotland helicopter crashes pub glasgow scotland link
3	rt tag “ tagan metro manila submerged flood water thank you digits ”
3	rt tag mas de digits casa camaro afectada porros en refineria de torque donde se decretaronn tres diasss al duelo htt
3	breaking service resumes tomorrow digits percent orange line metronorth derailment mta nbc digits ny
3	rt tag uerm really needs help flood almost digits electro floor nursery rescuers whole house rescueph
3	mayor achieved springs fire destroys digits homes washington post link firenews
3	rtz digits photos damage sky streaks russian meteorite .
3	- businesses impacted across bigwet qfloods qldld qldflooding
3	rt tag typhoon pabloph slams southern phl sit no one dead link
3	power due to goblooles corinda asj charge new bit told bigwet
3	early candid took prince island thursday link totally covered yyc yycflood sennshion
3	rt tag rt tag taking on coflood impact home farms restaurants updated digits denver magazine blog |
3	el de digits tres viviendas sufrieron danos al terremoto en guatemala el sismo que enremecio el pasado sciercoles link
3	rt tag situation uerm hospital key 49 digits 1st floor nursery rescueph please help babies
3	rtw accrington rd rapid digits reopened southbound northbound lanes remain closed nswfires nswrfs
